order_id,customer_id,restaurant_id,rider_id,order_date,item_count,food_amount,delivery_fee,delivery_minutes,rating,payment_method
1,164,13,28,2025-10-25,1,"₦4,000",600,53,5,Wallet
3,39,12,14,2025-09-25,1,"₦3,500",1000,32,5,Card
5,44,7,11,2025-07-22,3,"₦3,600",1000,18,5,Bank Transfer
6,120,5,10,2025-06-13,2,"₦8,400",800,68,3,Bank Transfer
8,76,35,18,2025-02-26,5,"₦11,700",1500,54,5,Card
10,93,8,15,2025-06-06,3,"₦3,600",800,26,3,Bank Transfer
12,165,37,23,2025-09-20,5,"₦11,700",500,60,4,Wallet
14,54,16,14,2025-03-07,1,"₦4,500",1000,21,4,Cash
15,104,7,28,2025-06-05,4,"₦7,700",1200,29,5,Bank Transfer
17,199,21,27,2025-07-24,6,"₦6,000",800,70,4,Wallet
18,100,31,12,2025-04-13,3,"₦9,000",1000,31,2,Card
20,174,23,30,2025-10-31,4,"₦3,300",1000,31,5,Card
27,107,29,12,2025-08-31,6,"₦36,000",1500,64,3,Wallet
29,49,21,19,2025-08-17,3,"₦13,500",500,60,5,Bank Transfer
30,170,12,7,2025-04-17,4,"₦6,600",1000,61,1,Cash
34,68,8,10,2025-09-30,4,"₦16,500",500,33,4,Wallet
35,37,13,9,2025-07-11,2,"₦6,300",800,45,5,Bank Transfer
38,145,4,29,2025-03-02,4,"₦4,400",1200,28,4,Bank Transfer
41,66,10,18,2025-11-29,2,"₦2,100",600,56,5,Cash
44,120,40,4,2025-10-10,1,"₦7,500",1500,23,5,Cash
45,62,9,16,2025-11-19,4,"₦5,500",600,62,4,Card
46,105,33,30,2025-04-06,6,"₦15,000",700,19,4,Card
47,151,18,27,2025-07-20,3,"₦5,400",500,29,3,Card
49,32,1,30,2025-05-02,6,"₦18,000",700,65,5,Bank Transfer
53,31,11,17,2025-03-31,6,"₦9,000",1500,31,5,Card
56,149,34,4,2025-08-04,3,"₦9,000",800,70,5,Cash
62,10,24,24,2025-03-26,4,"₦3,300",1500,29,4,Cash
63,92,23,22,2025-07-12,1,"₦7,500",1200,61,3,Cash
65,101,23,24,2025-11-07,6,"₦9,000",600,68,4,Cash
69,33,28,30,2025-08-10,5,"₦19,500",800,56,4,Card
70,32,30,7,2025-08-29,3,"₦3,600",500,56,5,Card
71,25,37,24,2025-03-13,5,"₦7,800",500,59,2,Wallet
72,27,13,14,2025-06-04,2,"₦10,500",1000,53,4,Cash
74,182,30,6,2025-10-24,1,"₦2,000",500,54,4,Wallet
75,95,20,8,2025-03-09,4,"₦8,800",500,70,4,Wallet
76,43,21,7,2025-11-05,2,"₦4,900",700,67,3,Wallet
77,21,34,17,2025-10-30,1,"₦5,000",1200,21,3,Bank Transfer
79,15,39,10,2025-08-19,5,"₦10,400",1200,65,4,Bank Transfer
80,150,13,5,2025-03-16,5,"₦13,000",1200,68,5,Cash
82,11,17,12,2025-05-28,3,"₦10,800",600,62,5,Cash
88,24,20,1,2025-11-02,3,"₦16,200",600,73,5,Card
94,199,21,23,2025-05-12,2,"₦7,000",500,32,4,Card
98,171,21,15,2025-04-11,3,"₦5,400",1200,68,4,Wallet
99,150,7,15,2025-05-08,4,"₦8,800",1000,16,5,Wallet
100,62,11,2,2025-03-23,2,"₦6,300",700,41,4,Card
102,199,6,6,2025-08-05,1,"₦7,500",1200,40,5,Wallet
104,38,9,10,2025-08-18,2,"₦7,000",1500,43,5,Card
109,78,12,2,2025-01-26,5,"₦11,700",1500,24,5,Wallet
111,47,13,16,2025-01-10,5,"₦13,000",500,21,4,Card
112,165,13,25,2025-09-28,3,"₦9,000",1500,47,4,Card
114,82,23,24,2025-05-08,3,"₦16,200",1500,71,1,Card
115,157,39,21,2025-03-18,5,"₦31,200",800,42,4,Bank Transfer
119,183,13,29,2025-02-15,2,"₦16,800",500,30,5,Bank Transfer
120,141,23,12,2025-04-29,2,"₦7,000",600,74,3,Cash
122,191,23,24,2025-08-06,1,"₦3,000",1000,47,3,Cash
123,140,30,13,2025-06-13,3,"₦2,700",700,54,5,Bank Transfer
126,159,40,14,2025-07-23,1,"₦7,500",1200,15,4,Wallet
127,166,5,26,2025-03-25,5,"₦3,900",700,73,5,Cash
130,32,2,7,2025-03-18,3,"₦16,200",600,27,4,Card
131,26,20,5,2025-10-07,1,"₦7,500",500,41,5,Wallet
132,145,15,10,2025-08-27,1,"₦1,500",700,29,4,Card
133,23,27,20,2025-01-25,1,"₦5,000",500,70,4,Cash
135,190,8,11,2025-12-16,4,"₦11,000",500,72,5,Wallet
138,20,19,17,2025-07-10,3,"₦21,600",1000,52,5,Card
142,105,18,13,2025-01-27,4,"₦9,900",1200,17,5,Cash
143,176,6,2,2025-12-26,6,"₦22,500",700,52,5,Wallet
144,100,19,5,2025-04-03,1,"₦7,500",700,51,2,Cash
147,115,17,19,2025-08-31,4,"₦26,400",500,34,5,Cash
148,71,3,19,2025-01-30,5,"₦23,400",800,48,5,Wallet
151,4,6,8,2025-10-25,6,"₦18,000",1200,60,4,Cash
153,62,6,21,2025-11-27,4,"₦16,500",800,61,3,Cash
154,154,24,30,2025-10-28,5,"₦3,900",800,36,4,Wallet
156,176,11,5,2025-03-28,1,"₦5,000",1000,45,5,Cash
158,14,35,19,2025-12-05,3,"₦10,800",800,27,4,Card
159,140,27,27,2025-04-06,6,"₦7,500",700,18,5,Cash
161,5,19,13,2025-11-26,4,"₦7,700",500,73,2,Cash
167,149,22,18,2025-02-02,1,"₦7,500",800,54,4,Cash
168,133,27,29,2025-03-29,2,"₦5,600",800,28,5,Bank Transfer
169,144,4,13,2025-08-03,3,"₦9,000",800,51,3,Card
170,24,34,23,2025-07-13,2,"₦16,800",1200,57,2,Wallet
172,66,29,2,2025-12-18,6,"₦36,000",800,39,5,Wallet
174,27,16,7,2025-05-29,4,"₦4,400",1200,49,5,Cash
176,71,16,10,2025-03-27,2,"₦4,900",800,35,5,Wallet
178,165,12,3,2025-11-01,1,"₦5,000",600,73,4,Wallet
179,98,1,27,2025-09-29,3,"₦8,100",1200,35,3,Card
180,96,38,12,2025-11-21,2,"₦3,500",500,45,5,Bank Transfer
185,33,8,2,2025-12-14,3,"₦21,600",500,73,4,Card
186,77,24,14,2025-07-09,5,"₦7,800",800,73,4,Card
188,165,6,23,2025-10-29,6,"₦6,000",600,33,5,Bank Transfer
189,11,5,11,2025-10-10,6,"₦13,500",500,16,4,Bank Transfer
190,172,10,20,2025-02-10,4,"₦5,500",700,57,2,Cash
191,60,15,19,2025-12-07,2,"₦16,800",600,71,1,Bank Transfer
194,74,12,12,2025-07-19,1,"₦12,000",700,41,3,Bank Transfer
197,143,32,15,2025-02-27,4,"₦26,400",700,53,1,Cash
202,152,14,29,2025-01-31,2,"₦2,800",1500,22,4,Card
204,142,16,27,2025-07-26,4,"₦5,500",1500,41,4,Card
205,8,40,16,2025-07-21,4,"₦8,800",1500,61,1,Card
208,44,8,16,2025-02-23,3,"₦16,200",1200,46,4,Cash
213,47,16,27,2025-08-08,6,"₦9,000",1200,34,4,Bank Transfer
221,176,13,4,2025-08-04,1,"₦3,500",1200,70,4,Bank Transfer
224,118,6,24,2025-06-23,4,"₦19,800",500,57,5,Wallet
225,104,10,10,2025-04-15,2,"₦6,300",600,54,4,Bank Transfer
226,6,7,23,2025-05-25,5,"₦9,100",1000,17,3,Bank Transfer
227,154,14,7,2025-02-27,4,"₦6,600",1500,59,2,Card
228,76,12,14,2025-07-09,6,"₦27,000",500,60,5,Cash
229,65,34,1,2025-11-12,4,"₦8,800",600,41,4,Wallet
232,73,2,25,2025-09-16,4,"₦4,400",500,38,5,Card
233,172,37,17,2025-03-06,4,"₦26,400",800,27,5,Bank Transfer
234,172,13,11,2025-04-13,5,"₦3,900",800,41,5,Card
235,95,37,7,2025-08-10,6,"₦12,000",1200,41,5,Wallet
237,22,31,9,2025-05-02,2,"₦16,800",600,62,2,Card
238,30,25,21,2025-06-11,5,"₦15,600",1200,24,3,Card
240,152,35,3,2025-09-16,5,"₦5,200",1000,25,5,Wallet
241,180,38,16,2025-12-13,3,"₦10,800",1200,50,4,Cash
243,9,17,7,2025-06-21,3,"₦4,500",800,43,4,Bank Transfer
244,70,36,2,2025-05-30,2,"₦7,000",1200,30,4,Cash
246,66,5,14,2025-02-13,1,"₦3,500",1200,51,5,Wallet
247,117,24,17,2025-08-07,3,"₦13,500",600,33,5,Wallet
249,129,4,1,2025-10-24,5,"₦9,100",1000,28,5,Cash
253,133,31,12,2025-10-22,6,"₦13,500",1000,75,4,Wallet
255,79,8,3,2025-06-23,5,"₦19,500",700,41,5,Bank Transfer
259,37,30,24,2025-05-23,1,"₦3,000",500,21,5,Card
261,91,30,19,2025-11-14,2,"₦4,200",800,50,5,Wallet
262,198,27,12,2025-12-08,2,"₦4,900",800,31,5,Card
264,116,32,1,2025-07-26,6,"₦7,500",500,20,5,Wallet
267,71,13,29,2025-05-08,5,"₦31,200",800,20,4,Wallet
268,183,33,1,2025-06-15,4,"₦19,800",1500,51,4,Cash
269,120,3,18,2025-11-10,1,"₦3,500",800,43,4,Card
279,129,19,18,2025-10-21,6,"₦18,000",700,73,3,Bank Transfer
281,157,24,17,2025-11-08,5,"₦3,900",1500,53,4,Bank Transfer
285,36,23,14,2025-11-19,3,"₦5,400",1500,29,4,Wallet
287,162,32,27,2025-06-27,2,"₦2,800",1500,24,5,Cash
289,40,8,12,2025-02-03,3,"₦7,200",600,54,5,Card
297,61,9,20,2025-06-28,5,"₦31,200",1500,31,5,Wallet
298,165,1,7,2025-03-10,2,"₦6,300",1500,19,5,Bank Transfer
299,167,34,4,2025-03-29,3,"₦16,200",500,37,4,Wallet
300,50,21,9,2025-10-13,6,"₦13,500",1500,67,5,Card
301,175,16,6,2025-05-15,5,"₦13,000",1500,35,5,Bank Transfer
306,188,16,20,2025-10-09,1,"₦3,500",1200,22,5,Wallet
307,18,33,9,2025-07-14,6,"₦6,000",800,21,4,Cash
308,24,18,23,2025-09-29,1,"₦7,500",800,29,5,Wallet
309,50,12,16,2025-10-28,1,"₦2,000",500,72,3,Bank Transfer
312,65,25,25,2025-04-03,3,"₦9,000",600,37,2,Cash
318,30,5,6,2025-10-31,6,"₦18,000",1000,59,5,Card
321,138,29,13,2025-01-22,1,"₦2,500",600,58,5,Wallet
326,151,40,8,2025-06-16,6,"₦13,500",600,42,5,Bank Transfer
327,132,11,24,2025-12-25,5,"₦11,700",1500,26,5,Card
329,116,10,18,2025-07-22,3,"₦9,000",1200,63,5,Bank Transfer
331,142,35,21,2025-02-12,3,"₦10,800",1500,25,3,Cash
337,38,16,15,2025-05-27,6,"₦12,000",1200,55,5,Cash
338,169,36,5,2025-12-03,4,"₦3,300",1200,57,5,Card
340,69,24,22,2025-07-04,2,"₦2,800",700,44,5,Bank Transfer
342,46,22,18,2025-05-16,3,"₦13,500",600,47,5,Card
347,75,39,18,2025-06-01,2,"₦5,600",800,66,5,Cash
348,117,25,11,2025-04-09,1,"₦7,500",600,31,5,Wallet
351,145,25,19,2025-01-03,3,"₦9,000",800,33,3,Wallet
352,126,34,29,2025-03-22,1,"₦5,000",1500,31,4,Bank Transfer
354,157,14,4,2025-12-21,4,"₦7,700",600,53,4,Wallet
355,60,9,19,2025-10-28,5,"₦3,900",500,74,4,Card
364,106,28,3,2025-07-26,2,"₦4,900",500,54,5,Cash
365,25,36,14,2025-06-19,4,"₦16,500",500,25,4,Bank Transfer
366,139,10,29,2025-03-07,1,"₦6,000",700,21,2,Cash
367,15,26,16,2025-02-17,5,"₦5,200",1200,34,4,Cash
368,61,8,23,2025-11-15,6,"₦12,000",600,37,1,Card
369,34,25,8,2025-08-03,5,"₦23,400",1200,44,5,Wallet
371,36,28,25,2025-10-10,3,"₦5,400",700,61,3,Card
379,37,33,13,2025-03-09,2,"₦2,100",700,71,5,Bank Transfer
385,166,6,28,2025-12-01,5,"₦5,200",700,63,3,Bank Transfer
386,195,11,9,2025-03-30,4,"₦3,300",800,47,5,Cash
388,192,39,15,2025-06-10,4,"₦26,400",800,47,5,Wallet
389,101,19,19,2025-09-09,5,"₦11,700",1000,26,2,Card
391,75,38,1,2025-05-30,2,"₦4,200",500,26,5,Cash
393,110,25,11,2025-04-05,3,"₦8,100",700,61,5,Cash
398,26,12,25,2025-07-31,2,"₦4,200",1000,31,4,Card
400,17,28,14,2025-01-25,1,"₦2,500",1000,48,1,Bank Transfer
401,90,33,17,2025-06-07,1,"₦9,000",1000,26,5,Cash
402,151,28,18,2025-02-22,5,"₦15,600",1000,20,4,Bank Transfer
404,93,32,3,2025-02-02,4,"₦13,200",700,33,2,Cash
406,109,32,2,2025-11-08,4,"₦8,800",500,34,5,Card
407,125,20,18,2025-10-19,4,"₦19,800",700,18,3,Cash
408,103,14,11,2025-03-26,3,"₦4,500",500,68,5,Wallet
409,82,31,23,2025-01-31,5,"₦9,100",600,31,5,Cash
413,200,7,2,2025-03-20,5,"₦11,700",600,46,5,Wallet
414,12,21,22,2025-02-04,4,"₦19,800",1500,63,4,Wallet
416,65,11,27,2025-07-05,5,"₦7,800",1200,67,5,Wallet
417,60,32,27,2025-09-16,5,"₦7,800",1500,31,3,Card
420,58,32,28,2025-03-09,2,"₦4,200",800,32,5,Card
427,100,35,4,2025-08-23,2,"₦2,100",700,62,3,Cash
437,188,8,8,2025-07-25,5,"₦11,700",800,74,5,Bank Transfer
438,123,29,3,2025-03-23,6,"₦7,500",700,34,5,Wallet
439,180,39,22,2025-03-04,2,"₦6,300",1200,26,5,Wallet
440,73,21,19,2025-10-22,3,"₦5,400",600,65,4,Bank Transfer
441,106,34,1,2025-06-13,2,"₦2,100",1500,30,3,Wallet
445,142,3,25,2025-09-13,2,"₦6,300",800,18,5,Card
452,35,33,5,2025-08-01,2,"₦12,600",700,27,5,Card
453,12,23,13,2025-08-01,6,"₦4,500",500,28,5,Bank Transfer
456,149,34,30,2025-10-16,4,"₦9,900",500,19,4,Wallet
459,91,15,11,2025-06-22,1,"₦12,000",1500,19,4,Cash
461,199,38,8,2025-11-28,2,"₦3,500",800,24,4,Bank Transfer
463,122,32,4,2025-12-09,5,"₦13,000",500,24,4,Card
464,125,11,2,2025-06-18,2,"₦7,000",1000,59,4,Bank Transfer
465,182,15,17,2025-06-07,2,"₦12,600",1500,28,4,Card
467,140,1,4,2025-09-28,4,"₦5,500",1200,56,3,Cash
470,190,10,29,2025-12-14,1,"₦9,000",600,54,4,Card
471,54,6,1,2025-12-16,5,"₦9,100",600,73,2,Bank Transfer
482,25,27,27,2025-01-29,5,"₦15,600",1200,22,5,Cash
484,128,23,13,2025-09-24,5,"₦3,900",600,18,5,Bank Transfer
486,181,11,17,2025-11-05,4,"₦6,600",1000,17,5,Card
487,35,17,30,2025-01-22,2,"₦3,500",1500,74,4,Wallet
490,21,29,24,2025-03-16,3,"₦2,700",600,73,5,Wallet
493,126,39,7,2025-06-23,4,"₦19,800",1000,31,4,Cash
494,128,31,14,2025-06-20,1,"₦12,000",1000,19,4,Wallet
495,72,15,6,2025-04-15,2,"₦2,800",1200,35,5,Bank Transfer
496,40,14,8,2025-03-20,4,"₦26,400",1500,18,1,Wallet
497,38,14,23,2025-08-29,3,"₦3,600",1000,39,4,Cash
498,189,36,27,2025-08-10,1,"₦2,500",1000,59,4,Card
501,171,29,2,2025-02-15,5,"₦19,500",1000,19,5,Wallet
502,183,6,9,2025-07-16,1,"₦4,000",1500,43,4,Cash
503,63,28,20,2025-12-07,2,"₦7,000",500,66,5,Bank Transfer
507,118,20,21,2025-09-16,4,"₦6,600",700,65,5,Wallet
508,86,29,27,2025-06-11,6,"₦12,000",1200,51,5,Wallet
513,188,24,24,2025-09-23,5,"₦11,700",600,27,3,Cash
518,147,19,19,2025-10-18,5,"₦31,200",800,32,3,Card
519,29,2,27,2025-01-04,6,"₦27,000",1500,58,5,Wallet
527,179,1,7,2025-04-07,5,"₦19,500",600,37,3,Card
530,167,34,10,2025-03-03,2,"₦7,000",800,16,5,Wallet
532,34,25,14,2025-04-05,3,"₦16,200",1500,71,5,Cash
535,9,38,24,2025-09-28,4,"₦8,800",700,75,4,Card
536,170,32,12,2025-07-03,1,"₦1,500",1200,21,4,Wallet
537,63,8,7,2025-06-26,4,"₦16,500",1200,75,5,Bank Transfer
539,193,25,29,2025-05-16,6,"₦10,500",600,26,5,Wallet
541,33,7,3,2025-02-20,1,"₦6,000",600,71,4,Card
542,150,13,29,2025-09-25,4,"₦7,700",500,31,5,Bank Transfer
545,9,17,28,2025-08-27,1,"₦9,000",1200,68,3,Wallet
547,73,12,1,2025-11-27,2,"₦10,500",1000,35,2,Bank Transfer
548,67,17,20,2025-07-25,4,"₦11,000",500,30,3,Card
554,36,15,2,2025-03-11,1,"₦12,000",800,56,4,Bank Transfer
555,100,31,17,2025-01-30,1,"₦6,000",500,35,5,Wallet
557,152,24,13,2025-10-25,3,"₦6,300",1000,60,5,Card
558,137,29,20,2025-04-03,4,"₦8,800",500,31,3,Card
561,86,31,27,2025-10-09,5,"₦11,700",500,62,5,Wallet
562,14,22,16,2025-02-02,1,"₦1,500",700,51,5,Cash
564,128,26,4,2025-10-20,4,"₦6,600",1500,23,5,Card
565,129,37,12,2025-08-15,4,"₦3,300",1500,34,4,Wallet
566,51,10,23,2025-10-06,6,"₦12,000",1500,20,5,Bank Transfer
569,169,37,4,2025-02-18,6,"₦4,500",1000,66,5,Cash
570,25,11,16,2025-12-10,2,"₦7,000",1500,17,2,Bank Transfer
571,68,35,9,2025-02-15,3,"₦4,500",600,69,5,Cash
580,107,36,17,2025-10-25,6,"₦15,000",700,23,4,Card
591,103,26,24,2025-05-01,3,"₦2,700",1000,28,4,Cash
594,90,38,20,2025-05-08,6,"₦18,000",700,73,4,Card
596,43,26,13,2025-02-27,1,"₦3,000",1500,69,4,Cash
597,89,7,9,2025-02-03,3,"₦8,100",800,25,4,Bank Transfer
604,70,2,25,2025-12-04,4,"₦5,500",1200,59,5,Cash
611,105,16,2,2025-02-03,3,"₦5,400",700,41,4,Card
612,74,40,28,2025-09-28,3,"₦4,500",1000,28,4,Card
614,12,2,18,2025-07-18,6,"₦27,000",800,21,5,Bank Transfer
615,135,36,20,2025-03-24,1,"₦12,000",500,50,3,Cash
619,130,3,5,2025-03-04,3,"₦7,200",800,30,1,Bank Transfer
622,147,2,1,2025-08-04,2,"₦4,200",1200,30,5,Card
623,199,29,27,2025-07-31,1,"₦2,000",800,43,3,Cash
624,16,5,20,2025-05-27,1,"₦5,000",1000,44,3,Cash
627,89,32,8,2025-10-09,4,"₦16,500",500,42,4,Bank Transfer
629,149,22,21,2025-06-27,4,"₦16,500",700,17,5,Cash
632,118,16,7,2025-07-11,2,"₦4,900",1200,75,2,Bank Transfer
633,97,3,5,2025-06-13,4,"₦3,300",600,44,5,Bank Transfer
634,106,22,12,2025-08-26,4,"₦6,600",500,24,4,Cash
639,28,18,27,2025-06-18,3,"₦9,000",1500,19,5,Card
640,76,33,17,2025-05-20,1,"₦7,500",1500,32,5,Wallet
641,126,26,11,2025-01-12,6,"₦4,500",800,24,2,Bank Transfer
644,146,21,10,2025-10-26,4,"₦5,500",800,54,5,Wallet
647,162,12,15,2025-06-07,2,"₦2,800",600,58,4,Cash
649,52,6,30,2025-01-12,4,"₦16,500",600,24,5,Bank Transfer
653,70,11,30,2025-03-15,3,"₦10,800",1200,42,5,Bank Transfer
654,93,24,2,2025-04-03,5,"₦23,400",1000,21,5,Card
655,56,36,11,2025-05-17,6,"₦36,000",500,35,3,Bank Transfer
656,87,21,19,2025-02-05,2,"₦10,500",800,64,4,Wallet
661,188,32,29,2025-09-25,3,"₦10,800",700,34,5,Card
664,35,3,22,2025-09-10,1,"₦9,000",700,64,5,Card
665,163,5,1,2025-04-21,4,"₦6,600",800,63,5,Bank Transfer
666,18,3,4,2025-12-19,1,"₦3,500",700,25,2,Cash
667,127,26,12,2025-12-11,3,"₦13,500",600,22,5,Bank Transfer
672,131,27,12,2025-03-23,4,"₦4,400",500,19,3,Bank Transfer
673,8,6,8,2025-11-03,2,"₦4,200",1200,55,3,Card
676,196,3,16,2025-10-10,5,"₦15,600",800,15,5,Card
678,200,2,19,2025-10-06,3,"₦16,200",600,58,3,Cash
679,139,31,16,2025-07-24,2,"₦6,300",1200,21,3,Wallet
681,30,33,20,2025-10-04,5,"₦15,600",800,58,5,Cash
695,134,33,12,2025-08-18,3,"₦21,600",1500,27,5,Wallet
697,111,25,6,2025-03-25,4,"₦19,800",600,44,4,Wallet
698,178,22,3,2025-11-17,2,"₦10,500",600,29,3,Card
699,117,35,8,2025-05-30,4,"₦26,400",800,42,5,Cash
701,170,38,15,2025-07-27,5,"₦11,700",600,58,4,Wallet
706,200,17,1,2025-08-27,2,"₦3,500",500,71,4,Card
708,171,33,11,2025-05-20,1,"₦4,500",1200,66,5,Cash
709,134,22,15,2025-05-31,1,"₦3,500",700,35,3,Card
711,156,30,27,2025-08-02,5,"₦11,700",700,65,5,Cash
712,151,23,21,2025-09-10,3,"₦10,800",700,72,2,Card
713,148,13,16,2025-04-03,6,"₦36,000",1200,54,5,Bank Transfer
718,174,20,2,2025-01-25,3,"₦5,400",500,31,4,Bank Transfer
721,200,29,26,2025-02-26,5,"₦7,800",500,46,2,Bank Transfer
726,49,14,15,2025-04-24,3,"₦9,000",500,62,5,Card
727,42,5,13,2025-07-26,2,"₦6,300",800,16,4,Cash
731,42,15,20,2025-01-13,1,"₦1,500",1000,56,4,Wallet
736,144,10,4,2025-01-02,3,"₦6,300",700,40,5,Cash
741,121,26,12,2025-07-29,6,"₦12,000",700,30,2,Card
743,52,8,13,2025-03-08,6,"₦27,000",1200,36,5,Cash
745,73,2,10,2025-12-18,6,"₦22,500",1200,32,4,Card
749,56,6,6,2025-10-26,6,"₦7,500",500,41,5,Bank Transfer
750,135,10,29,2025-01-31,2,"₦4,900",800,74,4,Card
753,153,36,29,2025-12-01,3,"₦16,200",1500,39,5,Card
755,123,7,13,2025-09-23,3,"₦3,600",800,43,4,Card
756,171,9,24,2025-11-23,3,"₦8,100",1000,16,3,Card
760,144,37,6,2025-04-04,6,"₦4,500",600,35,5,Bank Transfer
762,177,30,30,2025-10-23,5,"₦31,200",1000,60,5,Cash
763,168,28,18,2025-10-17,5,"₦9,100",700,24,2,Cash
764,181,37,18,2025-05-26,5,"₦3,900",1500,40,3,Bank Transfer
769,56,15,11,2025-01-29,6,"₦12,000",1500,25,4,Wallet
770,188,39,6,2025-08-14,1,"₦7,500",700,71,4,Cash
772,146,11,24,2025-08-22,1,"₦4,000",700,72,5,Card
776,130,4,16,2025-12-23,2,"₦5,600",600,47,5,Bank Transfer
777,112,1,2,2025-07-13,3,"₦9,000",500,69,3,Wallet
782,135,8,7,2025-07-08,6,"₦36,000",800,52,4,Wallet
783,93,15,12,2025-06-15,1,"₦1,500",800,70,5,Wallet
785,145,38,1,2025-06-28,6,"₦9,000",700,21,5,Card
788,188,6,6,2025-08-07,6,"₦6,000",1500,52,5,Wallet
789,30,13,1,2025-03-03,1,"₦3,000",800,54,4,Cash
795,180,10,1,2025-07-29,5,"₦15,600",1500,28,4,Cash
797,87,9,6,2025-12-28,3,"₦6,300",1500,15,4,Cash
798,171,21,8,2025-10-01,5,"₦31,200",800,39,5,Wallet
799,16,4,23,2025-04-21,1,"₦9,000",600,56,5,Card
801,120,19,5,2025-09-12,1,"₦4,000",1500,16,5,Bank Transfer
802,158,11,16,2025-06-07,4,"₦11,000",800,23,3,Bank Transfer
803,116,13,1,2025-06-30,5,"₦13,000",1200,31,4,Bank Transfer
805,103,30,13,2025-06-09,1,"₦1,500",600,29,4,Wallet
808,49,21,5,2025-11-16,1,"₦6,000",600,30,5,Wallet
809,88,19,11,2025-09-27,4,"₦5,500",500,23,3,Card
810,106,16,4,2025-05-21,3,"₦2,700",1200,62,5,Wallet
813,126,1,29,2025-06-27,1,"₦9,000",1200,73,4,Wallet
818,122,9,11,2025-07-06,4,"₦3,300",500,31,4,Cash
821,55,29,14,2025-03-09,3,"₦2,700",1200,46,5,Bank Transfer
826,128,23,6,2025-12-09,1,"₦1,500",1200,44,2,Wallet
827,117,40,18,2025-08-03,2,"₦5,600",700,38,4,Cash
832,196,2,23,2025-01-18,4,"₦6,600",800,71,5,Cash
837,25,35,22,2025-02-12,5,"₦31,200",1200,67,4,Card
838,172,16,21,2025-04-22,2,"₦3,500",500,42,3,Card
841,159,26,21,2025-08-07,2,"₦6,300",600,56,2,Bank Transfer
843,31,5,20,2025-10-05,6,"₦22,500",800,64,4,Wallet
845,165,6,9,2025-01-01,6,"₦36,000",800,55,5,Wallet
846,188,9,29,2025-08-30,1,"₦7,500",800,36,5,Wallet
847,142,35,22,2025-07-18,6,"₦12,000",800,67,5,Cash
852,122,37,30,2025-03-26,1,"₦9,000",1000,54,5,Cash
853,115,13,4,2025-12-27,5,"₦10,400",600,15,4,Wallet
859,133,4,19,2025-05-27,6,"₦4,500",600,67,5,Wallet
860,89,10,8,2025-07-27,5,"₦15,600",800,44,5,Cash
861,21,35,18,2025-03-04,4,"₦11,000",800,58,3,Cash
862,95,30,21,2025-09-24,6,"₦18,000",1000,25,4,Bank Transfer
863,35,4,13,2025-05-07,2,"₦3,500",1500,23,5,Wallet
864,44,39,28,2025-02-24,1,"₦2,000",1200,35,4,Wallet
867,152,1,21,2025-04-21,2,"₦16,800",1200,68,4,Card
868,95,30,12,2025-03-24,3,"₦5,400",600,18,4,Card
869,30,16,18,2025-09-20,1,"₦6,000",800,46,4,Cash
871,38,20,1,2025-03-08,1,"₦9,000",600,41,2,Wallet
872,67,10,12,2025-02-13,2,"₦16,800",1500,37,4,Bank Transfer
874,84,9,23,2025-06-11,6,"₦4,500",700,43,4,Wallet
875,91,11,12,2025-02-27,1,"₦2,000",1500,18,5,Cash
877,85,39,24,2025-07-12,5,"₦23,400",1200,61,3,Bank Transfer
883,125,19,4,2025-07-14,1,"₦6,000",500,60,5,Cash
884,44,38,4,2025-11-03,5,"₦5,200",1200,56,4,Wallet
887,97,1,18,2025-02-12,6,"₦22,500",600,62,3,Cash
888,74,26,3,2025-06-21,3,"₦3,600",1200,49,1,Bank Transfer
889,35,30,18,2025-01-03,6,"₦18,000",600,63,5,Bank Transfer
890,3,33,15,2025-04-27,1,"₦4,500",700,42,4,Bank Transfer
894,93,39,22,2025-10-31,2,"₦16,800",600,69,4,Bank Transfer
895,81,21,22,2025-12-08,1,"₦3,500",700,46,4,Wallet
899,28,7,6,2025-12-07,2,"₦8,400",1000,60,5,Wallet
902,196,35,13,2025-10-16,6,"₦9,000",1200,45,2,Cash
907,193,20,19,2025-01-03,3,"₦9,000",1000,23,3,Bank Transfer
910,185,37,27,2025-01-08,1,"₦4,000",1200,52,5,Bank Transfer
913,106,23,9,2025-06-17,2,"₦2,800",800,67,5,Card
918,114,19,13,2025-08-20,2,"₦10,500",500,47,4,Card
922,95,32,28,2025-11-26,4,"₦3,300",1000,53,5,Bank Transfer
923,167,33,6,2025-05-23,5,"₦31,200",1000,16,4,Card
929,19,40,29,2025-05-27,4,"₦5,500",600,56,5,Card
932,98,3,22,2025-04-02,1,"₦3,500",500,28,4,Cash
933,74,18,24,2025-02-12,1,"₦2,500",500,28,5,Card
937,25,16,22,2025-02-11,6,"₦6,000",600,36,5,Wallet
941,4,31,10,2025-10-17,5,"₦19,500",1200,67,4,Wallet
944,24,3,17,2025-04-05,6,"₦12,000",800,64,4,Wallet
945,180,18,30,2025-10-09,6,"₦10,500",1000,21,3,Wallet
947,107,1,17,2025-12-26,1,"₦2,500",500,60,4,Wallet
949,176,8,13,2025-09-13,3,"₦10,800",1200,21,5,Card
952,84,14,14,2025-12-18,3,"₦3,600",800,70,5,Card
957,55,26,10,2025-03-15,5,"₦7,800",500,22,5,Bank Transfer
958,62,1,15,2025-02-24,6,"₦22,500",1000,27,5,Wallet
959,57,23,30,2025-11-23,4,"₦9,900",600,49,4,Bank Transfer
960,73,34,3,2025-08-22,6,"₦36,000",1500,32,5,Cash
964,7,11,12,2025-03-18,4,"₦26,400",800,26,5,Card
970,115,26,10,2025-11-23,1,"₦3,000",500,44,4,Wallet
974,117,13,25,2025-03-01,6,"₦12,000",1500,73,4,Cash
977,64,31,14,2025-12-30,4,"₦8,800",700,63,5,Bank Transfer
980,148,13,21,2025-10-26,3,"₦2,700",600,41,4,Bank Transfer
982,79,6,25,2025-10-17,2,"₦10,500",1000,15,5,Card
989,2,18,30,2025-12-17,3,"₦16,200",1500,66,3,Bank Transfer
990,104,3,20,2025-05-19,4,"₦19,800",700,63,3,Wallet
991,85,4,13,2025-12-16,3,"₦4,500",1200,38,4,Cash
993,171,19,8,2025-08-17,4,"₦26,400",500,66,5,Wallet
995,134,20,3,2025-10-30,6,"₦18,000",700,65,5,Bank Transfer
997,187,1,7,2025-09-12,5,"₦5,200",700,62,5,Cash
998,19,23,2,2025-01-03,3,"₦7,200",800,52,3,Bank Transfer
1004,196,13,9,2025-07-23,5,"₦15,600",1500,30,5,Card
1007,10,13,10,2025-06-14,3,"₦3,600",800,55,3,Wallet
1008,19,15,25,2025-04-25,5,"₦11,700",700,69,3,Wallet
1012,88,40,9,2025-09-05,2,"₦10,500",1200,17,5,Bank Transfer
1013,192,34,15,2025-08-09,4,"₦26,400",1000,44,3,Cash
1020,114,19,14,2025-01-03,4,"₦7,700",1500,72,4,Wallet
1024,192,23,2,2025-08-03,2,"₦5,600",800,49,5,Card
1027,170,33,13,2025-05-27,2,"₦8,400",500,37,5,Card
1033,158,36,29,2025-04-16,4,"₦19,800",1500,27,5,Card
1036,143,38,13,2025-09-06,1,"₦5,000",1500,27,2,Bank Transfer
1037,187,37,11,2025-03-14,1,"₦7,500",1500,36,5,Wallet
1038,103,10,26,2025-08-24,3,"₦16,200",1200,23,3,Wallet
1043,121,37,29,2025-07-08,2,"₦2,100",1000,30,4,Wallet
1044,44,14,3,2025-07-02,2,"₦5,600",700,27,4,Wallet
1045,16,13,24,2025-04-20,1,"₦4,000",1200,58,4,Cash
1047,195,1,7,2025-04-09,6,"₦15,000",1500,54,5,Cash
1054,127,9,26,2025-04-14,3,"₦7,200",700,45,4,Wallet
1055,3,39,29,2025-04-27,1,"₦6,000",500,74,4,Wallet
1057,49,10,20,2025-09-27,5,"₦15,600",500,38,5,Wallet
1059,195,1,7,2025-12-14,5,"₦31,200",800,71,5,Wallet
1061,183,30,21,2025-12-04,1,"₦5,000",600,19,5,Bank Transfer
1063,123,27,21,2025-10-07,4,"₦19,800",700,42,3,Wallet
1065,127,28,14,2025-12-16,3,"₦4,500",1000,64,3,Wallet
1067,31,38,18,2025-12-22,5,"₦31,200",1000,63,5,Card
1070,134,10,28,2025-07-31,4,"₦5,500",600,48,4,Bank Transfer
1071,128,35,29,2025-07-06,6,"₦9,000",1200,74,4,Wallet
1072,94,15,8,2025-03-21,5,"₦11,700",1200,55,5,Cash
1075,136,3,2,2025-03-16,2,"₦6,300",600,32,4,Bank Transfer
1077,170,19,14,2025-04-02,3,"₦2,700",1500,54,3,Bank Transfer
1080,98,21,23,2025-12-06,5,"₦6,500",1000,53,4,Card
1081,193,19,29,2025-12-19,2,"₦2,800",1000,40,5,Card
1084,24,20,10,2025-03-09,2,"₦10,500",600,42,2,Card
1086,136,38,18,2025-12-04,3,"₦4,500",600,67,5,Cash
1088,149,8,28,2025-04-12,3,"₦10,800",1000,52,5,Bank Transfer
1090,194,1,1,2025-06-01,5,"₦5,200",500,16,2,Wallet
1094,23,6,15,2025-09-01,3,"₦16,200",700,56,5,Wallet
1096,117,7,29,2025-09-16,3,"₦6,300",1500,19,5,Cash
1097,66,27,1,2025-08-31,3,"₦21,600",1200,56,2,Bank Transfer
1101,67,22,22,2025-06-10,4,"₦26,400",800,42,5,Bank Transfer
1103,160,24,16,2025-11-19,5,"₦7,800",700,55,4,Card
1104,55,9,19,2025-03-07,6,"₦13,500",600,46,4,Bank Transfer
1109,192,31,17,2025-02-25,3,"₦6,300",1200,23,4,Bank Transfer
1110,28,6,8,2025-06-09,5,"₦11,700",1200,62,4,Cash
1115,37,4,9,2025-06-26,6,"₦22,500",600,60,4,Card
1118,107,11,6,2025-05-18,5,"₦3,900",500,68,4,Wallet
1124,87,26,23,2025-03-21,2,"₦2,100",500,69,5,Cash
1128,89,23,21,2025-02-21,2,"₦4,200",500,18,3,Bank Transfer
1129,6,9,3,2025-03-16,2,"₦12,600",1000,53,5,Card
1130,165,31,8,2025-09-07,3,"₦4,500",600,51,5,Cash
1140,172,15,6,2025-10-10,5,"₦19,500",1500,32,4,Wallet
1142,125,22,19,2025-12-17,1,"₦7,500",1000,27,5,Bank Transfer
1143,198,5,1,2025-05-10,5,"₦23,400",500,35,3,Card
1144,3,24,12,2025-08-26,3,"₦5,400",700,53,5,Card
1146,114,16,8,2025-09-28,3,"₦16,200",600,34,4,Card
1147,96,37,27,2025-01-27,1,"₦6,000",500,48,5,Bank Transfer
1154,107,30,2,2025-03-23,5,"₦15,600",500,26,5,Cash
1155,49,40,3,2025-05-12,3,"₦2,700",800,24,5,Card
1158,98,14,4,2025-02-01,3,"₦8,100",1500,41,5,Bank Transfer
1160,25,17,11,2025-06-18,1,"₦5,000",800,16,5,Card
1162,66,24,4,2025-09-19,4,"₦6,600",700,24,5,Card
1169,65,30,7,2025-09-21,5,"₦15,600",1000,72,5,Wallet
1174,138,22,16,2025-06-17,5,"₦13,000",1200,30,4,Card
1175,195,19,9,2025-04-07,5,"₦5,200",800,56,4,Bank Transfer
1177,12,21,17,2025-04-20,1,"₦1,500",1200,20,4,Bank Transfer
1179,36,37,22,2025-12-20,1,"₦3,500",800,16,4,Bank Transfer
1182,112,13,1,2025-10-13,4,"₦4,400",500,37,5,Wallet
1185,130,37,7,2025-11-03,3,"₦3,600",600,20,5,Cash
1189,107,16,30,2025-09-22,2,"₦2,800",600,44,3,Wallet
1197,51,7,24,2025-09-08,2,"₦3,500",700,57,4,Card
1198,191,25,3,2025-01-05,3,"₦6,300",800,16,4,Bank Transfer
1201,46,11,9,2025-09-12,2,"₦5,600",600,33,5,Wallet
1202,8,33,9,2025-10-20,1,"₦3,500",800,58,4,Cash
1207,22,10,17,2025-12-04,3,"₦16,200",800,30,5,Wallet
1208,200,6,7,2025-04-21,6,"₦6,000",1500,58,5,Wallet
1209,20,34,6,2025-02-13,2,"₦8,400",700,49,5,Card
1214,90,1,29,2025-01-25,2,"₦5,600",500,15,5,Card
1215,63,38,6,2025-04-11,2,"₦2,800",800,43,3,Wallet
1216,33,14,27,2025-03-10,5,"₦3,900",700,37,5,Cash
1218,8,2,11,2025-01-06,4,"₦8,800",500,53,5,Bank Transfer
1219,88,16,19,2025-06-07,5,"₦11,700",500,45,5,Cash
1222,131,39,24,2025-07-10,2,"₦12,600",1000,44,5,Bank Transfer
1223,131,24,26,2025-06-14,2,"₦4,200",1000,32,5,Wallet
1229,27,4,14,2025-12-28,2,"₦4,200",600,70,5,Bank Transfer
1231,117,26,30,2025-04-24,3,"₦16,200",700,35,4,Cash
1232,162,6,22,2025-12-23,4,"₦4,400",1200,32,4,Cash
1233,62,29,25,2025-01-13,4,"₦13,200",1000,25,1,Cash
1234,162,6,28,2025-08-04,1,"₦3,000",500,52,4,Cash
1239,151,13,11,2025-11-25,2,"₦6,300",800,44,5,Card
1248,47,2,10,2025-01-19,3,"₦10,800",1500,32,5,Bank Transfer
1252,198,25,18,2025-06-16,5,"₦23,400",600,68,5,Bank Transfer
1254,110,27,29,2025-11-24,6,"₦7,500",600,70,4,Card
1255,107,38,5,2025-03-26,3,"₦10,800",600,26,5,Bank Transfer
1259,96,17,30,2025-07-11,6,"₦15,000",500,33,5,Bank Transfer
1260,162,36,5,2025-08-23,2,"₦6,300",1500,70,3,Card
1262,94,19,1,2025-10-23,2,"₦12,600",800,57,5,Bank Transfer
1265,172,34,25,2025-03-19,1,"₦3,500",1000,26,4,Wallet
1274,24,26,19,2025-10-28,2,"₦2,100",1000,60,5,Cash
1275,153,4,29,2025-03-29,2,"₦10,500",500,59,5,Wallet
1277,63,4,13,2025-10-09,5,"₦31,200",700,15,5,Cash
1282,158,25,3,2025-09-09,5,"₦23,400",1500,18,5,Card
1285,33,24,11,2025-12-14,4,"₦4,400",500,75,3,Card
1287,6,29,22,2025-12-16,6,"₦9,000",1200,44,5,Bank Transfer
1289,81,26,28,2025-10-10,6,"₦18,000",700,47,4,Bank Transfer
1293,127,26,11,2025-12-19,6,"₦13,500",1500,48,3,Card
1296,91,37,30,2025-09-21,5,"₦9,100",500,24,3,Card
1297,93,22,27,2025-02-27,6,"₦22,500",1200,27,4,Bank Transfer
1300,54,25,25,2025-12-21,2,"₦6,300",600,36,4,Wallet
1305,15,5,3,2025-11-19,2,"₦2,100",1500,67,5,Wallet
1312,33,15,10,2025-02-03,2,"₦2,100",800,70,5,Wallet
1314,161,10,29,2025-07-24,3,"₦6,300",1200,69,4,Card
1318,29,30,28,2025-04-11,3,"₦7,200",800,43,5,Cash
1320,82,29,30,2025-01-07,2,"₦10,500",700,32,5,Cash
1325,180,19,14,2025-10-17,6,"₦15,000",800,69,4,Cash
1327,177,10,5,2025-02-15,1,"₦3,500",500,46,4,Wallet
1330,84,38,9,2025-09-11,6,"₦12,000",700,48,4,Cash
1335,39,15,21,2025-04-18,4,"₦16,500",1500,55,4,Bank Transfer
1337,48,38,16,2025-09-29,6,"₦22,500",1000,42,4,Cash
1339,2,21,29,2025-03-30,3,"₦13,500",1500,58,2,Wallet
1343,122,17,30,2025-01-06,1,"₦6,000",1200,67,5,Cash
1344,143,8,29,2025-11-27,2,"₦4,900",1000,55,3,Card
1346,20,2,10,2025-07-14,2,"₦4,200",800,50,5,Wallet
1347,82,28,2,2025-06-11,4,"₦9,900",600,66,5,Bank Transfer
1351,74,30,11,2025-09-15,1,"₦3,500",1000,62,3,Cash
1352,179,15,23,2025-02-19,1,"₦3,500",500,28,5,Wallet
1356,63,1,10,2025-10-08,6,"₦9,000",600,37,3,Bank Transfer
1358,119,33,25,2025-11-17,5,"₦10,400",800,18,4,Bank Transfer
1359,55,39,9,2025-10-27,1,"₦12,000",1500,29,1,Bank Transfer
1360,164,12,27,2025-06-17,2,"₦6,300",700,47,5,Wallet
1363,118,11,14,2025-09-22,2,"₦2,800",1000,23,5,Bank Transfer
1371,111,7,29,2025-09-11,3,"₦21,600",800,36,5,Card
1374,62,7,14,2025-04-26,2,"₦2,100",1500,37,5,Cash
1375,26,21,3,2025-02-24,1,"₦3,000",700,46,3,Bank Transfer
1377,101,28,3,2025-12-13,1,"₦6,000",800,33,4,Wallet
1378,33,36,24,2025-07-06,1,"₦2,000",600,47,5,Bank Transfer
1379,74,31,13,2025-11-22,5,"₦10,400",1500,28,5,Wallet
1380,79,18,19,2025-01-30,3,"₦4,500",700,52,4,Card
1381,13,3,18,2025-05-11,2,"₦16,800",1500,32,5,Bank Transfer
1383,142,16,9,2025-07-13,6,"₦9,000",1200,31,5,Card
1384,16,15,12,2025-01-16,6,"₦15,000",800,52,5,Card
1389,106,27,22,2025-06-15,6,"₦36,000",1500,20,5,Cash
1391,85,4,27,2025-12-01,3,"₦6,300",1500,53,1,Cash
1393,28,15,8,2025-12-05,4,"₦4,400",1200,61,4,Bank Transfer
1394,36,4,27,2025-09-02,3,"₦5,400",1200,66,3,Card
1396,44,8,17,2025-03-19,1,"₦6,000",800,22,4,Bank Transfer
1398,98,27,28,2025-12-28,4,"₦26,400",700,53,5,Cash
1401,186,6,22,2025-09-08,4,"₦7,700",1000,72,5,Wallet
1407,116,20,21,2025-01-23,3,"₦2,700",500,30,4,Bank Transfer
1409,42,2,19,2025-02-10,3,"₦8,100",500,51,5,Bank Transfer
1410,37,1,27,2025-03-24,3,"₦4,500",700,46,5,Cash
1413,86,19,13,2025-04-25,2,"₦4,200",1000,36,3,Bank Transfer
1418,51,1,10,2025-01-20,4,"₦11,000",800,22,4,Wallet
1419,112,35,25,2025-07-06,2,"₦7,000",600,37,4,Cash
1422,192,13,22,2025-03-04,1,"₦12,000",600,73,4,Bank Transfer
1431,73,11,11,2025-10-18,1,"₦9,000",1000,68,5,Card
1432,47,33,27,2025-07-13,3,"₦9,000",500,19,5,Wallet
1442,103,32,26,2025-11-11,1,"₦12,000",800,61,4,Bank Transfer
1445,16,1,5,2025-09-23,2,"₦4,200",800,22,4,Cash
1457,10,5,26,2025-09-13,4,"₦11,000",500,25,5,Bank Transfer
1458,187,13,14,2025-03-05,6,"₦27,000",800,29,5,Card
1459,63,23,23,2025-06-12,3,"₦10,800",600,53,2,Card
1463,165,38,13,2025-05-10,1,"₦4,500",1000,28,5,Cash
1466,136,20,19,2025-08-03,3,"₦8,100",1000,69,3,Wallet
1468,122,4,10,2025-10-05,5,"₦5,200",1000,52,4,Bank Transfer
1471,162,34,28,2025-02-10,4,"₦9,900",1000,20,1,Wallet
1473,50,10,19,2025-01-01,2,"₦16,800",500,44,5,Wallet
1475,162,4,20,2025-12-05,2,"₦10,500",1200,44,5,Cash
1476,38,5,16,2025-12-30,4,"₦13,200",500,68,3,Cash
1478,161,17,6,2025-09-28,2,"₦12,600",1000,39,5,Card
1480,166,10,9,2025-09-12,5,"₦19,500",1200,26,5,Cash
1482,133,14,17,2025-07-01,4,"₦9,900",1200,71,3,Card
1485,175,19,25,2025-09-27,2,"₦16,800",1200,63,4,Wallet
1487,114,29,1,2025-08-12,3,"₦2,700",500,57,5,Card
1490,85,3,4,2025-08-03,6,"₦18,000",800,72,5,Card
1492,21,24,17,2025-10-09,2,"₦4,200",600,33,2,Bank Transfer
1495,179,9,25,2025-03-30,3,"₦2,700",500,39,5,Bank Transfer
1497,36,34,20,2025-05-07,2,"₦10,500",700,67,5,Wallet
1499,138,39,17,2025-08-09,6,"₦10,500",700,52,4,Bank Transfer
1502,186,18,8,2025-03-30,4,"₦6,600",1500,48,5,Cash
1507,189,30,3,2025-11-04,2,"₦6,300",500,42,5,Cash
1509,40,1,10,2025-10-20,5,"₦11,700",600,20,4,Bank Transfer
1513,118,20,8,2025-03-11,2,"₦10,500",600,33,5,Card
1518,125,22,16,2025-10-31,6,"₦15,000",1000,39,5,Wallet
1519,112,21,8,2025-03-07,3,"₦2,700",600,39,3,Wallet
1520,163,10,13,2025-02-17,1,"₦6,000",1000,45,3,Cash
1522,81,14,13,2025-10-17,5,"₦23,400",500,55,5,Cash
1523,100,6,22,2025-05-19,5,"₦19,500",1200,65,5,Wallet
1524,62,25,18,2025-12-31,4,"₦7,700",1000,50,3,Wallet
1532,73,3,11,2025-07-18,4,"₦19,800",600,70,1,Cash
1534,6,10,22,2025-09-19,4,"₦9,900",500,53,5,Wallet
1536,15,13,30,2025-07-18,5,"₦31,200",1000,51,4,Bank Transfer
1537,86,7,25,2025-04-18,5,"₦13,000",800,37,3,Card
1539,132,7,7,2025-05-23,4,"₦3,300",1200,41,5,Card
1540,127,34,13,2025-05-20,2,"₦8,400",700,23,5,Bank Transfer
1543,68,16,5,2025-05-25,4,"₦8,800",500,44,5,Card
1544,87,14,26,2025-11-30,6,"₦4,500",600,49,5,Card
1548,67,18,18,2025-10-24,5,"₦15,600",1000,31,3,Cash
1550,62,27,14,2025-06-23,2,"₦7,000",700,60,5,Wallet
1555,122,36,27,2025-12-08,1,"₦4,500",1000,41,1,Wallet
1560,16,28,17,2025-04-03,1,"₦5,000",1000,68,4,Card
1565,71,34,12,2025-07-07,1,"₦12,000",1200,35,5,Bank Transfer
1568,57,9,3,2025-03-27,1,"₦4,000",500,25,3,Wallet
1569,114,30,29,2025-08-02,3,"₦21,600",1000,74,5,Cash
1574,8,23,4,2025-06-19,1,"₦2,500",800,72,3,Cash
1577,142,36,13,2025-06-22,1,"₦2,000",800,28,4,Card
1580,82,39,27,2025-10-24,6,"₦7,500",800,64,5,Bank Transfer
1583,162,36,23,2025-07-05,6,"₦36,000",1200,28,4,Wallet
1584,169,29,18,2025-02-13,5,"₦5,200",700,48,5,Card
1588,2,27,1,2025-12-11,4,"₦13,200",1500,17,3,Wallet
1589,44,6,13,2025-03-26,6,"₦4,500",1000,61,1,Wallet
1591,173,20,5,2025-01-09,1,"₦2,000",500,19,3,Wallet
1593,76,10,27,2025-06-06,5,"₦31,200",600,28,5,Card
1594,10,5,16,2025-01-12,2,"₦8,400",600,23,3,Cash
1595,200,12,11,2025-04-10,1,"₦2,500",800,28,5,Cash
1600,99,20,21,2025-05-19,2,"₦7,000",800,43,3,Wallet
1601,58,25,19,2025-03-24,3,"₦13,500",800,27,5,Cash
1602,19,4,26,2025-05-22,6,"₦7,500",500,24,4,Card
1607,142,30,11,2025-11-01,3,"₦13,500",1000,62,5,Card
1611,172,6,26,2025-02-18,3,"₦9,000",800,51,3,Wallet
1612,77,15,22,2025-11-23,4,"₦9,900",1000,32,3,Bank Transfer
1613,36,4,14,2025-09-10,1,"₦3,000",700,38,3,Cash
1617,140,40,9,2025-04-07,6,"₦12,000",1200,53,4,Wallet
1618,92,20,1,2025-05-25,3,"₦6,300",800,68,5,Card
1619,140,38,3,2025-01-23,5,"₦11,700",1500,67,3,Wallet
1622,24,22,8,2025-12-29,2,"₦4,900",1000,60,5,Wallet
1625,68,8,19,2025-08-21,5,"₦31,200",1000,20,5,Cash
1631,111,38,27,2025-02-17,2,"₦16,800",600,35,5,Card
1632,35,2,2,2025-01-23,4,"₦16,500",1200,58,4,Card
1634,179,30,30,2025-09-06,5,"₦11,700",500,39,5,Wallet
1644,179,29,19,2025-05-19,3,"₦8,100",1200,46,5,Bank Transfer
1651,8,30,4,2025-06-03,4,"₦8,800",1500,41,5,Cash
1653,71,5,29,2025-10-21,5,"₦3,900",1500,30,5,Cash
1654,122,35,24,2025-11-19,6,"₦36,000",800,43,3,Bank Transfer
1656,128,2,5,2025-04-08,2,"₦5,600",800,34,4,Card
1658,157,18,9,2025-09-22,5,"₦3,900",1200,54,3,Bank Transfer
1660,95,27,30,2025-08-26,4,"₦7,700",1500,17,4,Wallet
1662,38,17,9,2025-01-14,4,"₦6,600",1000,37,4,Bank Transfer
1663,139,38,22,2025-07-27,4,"₦7,700",1200,71,5,Card
1665,45,9,2,2025-03-09,4,"₦11,000",1000,71,5,Bank Transfer
1670,133,12,10,2025-06-15,3,"₦8,100",500,34,5,Cash
1671,6,34,18,2025-10-09,1,"₦2,500",700,43,4,Cash
1674,29,7,28,2025-11-16,4,"₦6,600",1000,21,2,Card
1675,65,18,23,2025-05-17,5,"₦19,500",1500,33,5,Cash
1679,126,33,13,2025-08-15,6,"₦15,000",1200,62,4,Cash
1680,61,16,1,2025-10-04,2,"₦6,300",500,18,4,Card
1682,86,37,8,2025-07-19,5,"₦31,200",1500,56,3,Bank Transfer
1684,26,30,28,2025-06-20,1,"₦5,000",800,65,4,Bank Transfer
1685,93,11,23,2025-08-29,5,"₦6,500",700,60,5,Wallet
1690,109,21,17,2025-02-01,2,"₦10,500",1200,61,5,Bank Transfer
1695,139,11,5,2025-02-05,4,"₦7,700",1000,45,4,Bank Transfer
1700,115,8,8,2025-02-06,1,"₦4,500",800,59,3,Card
1701,34,33,1,2025-12-23,5,"₦11,700",600,52,3,Bank Transfer
1703,138,31,4,2025-01-25,6,"₦12,000",1500,55,5,Cash
1707,144,18,18,2025-02-28,2,"₦6,300",700,68,5,Bank Transfer
1710,191,17,3,2025-03-26,2,"₦7,000",1000,55,2,Cash
1711,116,13,6,2025-12-14,5,"₦9,100",800,15,3,Wallet
1715,153,28,4,2025-11-26,3,"₦21,600",1000,33,5,Wallet
1719,57,31,2,2025-12-25,1,"₦4,500",1200,33,4,Wallet
1720,49,23,18,2025-10-05,4,"₦16,500",1200,24,3,Bank Transfer
1729,159,6,3,2025-12-24,1,"₦4,000",1200,36,5,Card
1731,164,17,12,2025-12-09,6,"₦27,000",1000,51,5,Bank Transfer
1733,147,2,21,2025-02-17,3,"₦10,800",1000,32,5,Cash
1737,182,32,19,2025-04-24,5,"₦13,000",1200,72,4,Cash
1738,7,14,13,2025-08-15,3,"₦5,400",700,47,4,Wallet
1740,122,19,2,2025-12-30,1,"₦4,500",1000,45,5,Bank Transfer
1741,185,34,15,2025-01-22,1,"₦4,500",1200,60,2,Bank Transfer
1743,159,10,12,2025-03-04,3,"₦13,500",1000,75,5,Card
1753,101,28,8,2025-08-10,5,"₦10,400",1500,16,4,Cash
1754,76,16,6,2025-12-07,4,"₦4,400",800,28,5,Cash
1756,164,10,3,2025-06-14,5,"₦11,700",700,66,4,Card
1759,124,8,9,2025-01-21,6,"₦36,000",800,67,5,Cash
1760,171,23,13,2025-11-16,3,"₦16,200",1000,35,5,Bank Transfer
1764,47,18,27,2025-06-05,2,"₦2,800",600,34,5,Card
1769,58,13,29,2025-01-17,3,"₦6,300",1200,57,5,Bank Transfer
1774,58,28,18,2025-03-25,5,"₦13,000",500,60,4,Bank Transfer
1775,62,8,3,2025-06-06,2,"₦3,500",1000,66,5,Wallet
1777,39,20,16,2025-10-05,6,"₦36,000",600,56,5,Bank Transfer
1780,82,33,18,2025-07-19,3,"₦21,600",1200,17,5,Cash
1783,40,22,29,2025-10-15,5,"₦15,600",1500,33,5,Cash
1784,64,11,2,2025-06-08,5,"₦13,000",1000,20,5,Wallet
1787,176,22,22,2025-01-30,6,"₦13,500",1200,30,3,Cash
1788,106,29,29,2025-09-04,4,"₦5,500",600,19,5,Bank Transfer
1793,45,22,16,2025-02-09,4,"₦11,000",1500,26,3,Cash
1794,181,13,19,2025-11-26,4,"₦11,000",1000,61,5,Cash
1798,39,40,3,2025-04-18,4,"₦11,000",500,72,1,Bank Transfer
1800,119,38,4,2025-05-12,1,"₦2,500",600,73,2,Wallet
1805,168,15,7,2025-09-04,1,"₦9,000",1000,59,5,Bank Transfer
1807,9,28,24,2025-12-04,5,"₦19,500",1200,40,4,Card
1808,168,14,13,2025-03-13,3,"₦9,000",500,24,2,Cash
1809,191,36,28,2025-05-06,4,"₦9,900",1200,23,5,Cash
1810,115,27,24,2025-03-23,3,"₦6,300",600,61,5,Bank Transfer
1812,166,1,16,2025-03-06,3,"₦16,200",500,58,3,Wallet
1814,119,2,13,2025-10-31,4,"₦26,400",600,51,5,Card
1815,122,30,13,2025-05-28,2,"₦6,300",800,22,5,Cash
1817,100,38,13,2025-02-06,5,"₦31,200",600,31,4,Bank Transfer
1821,106,1,21,2025-04-20,4,"₦5,500",800,52,5,Wallet
1822,175,9,9,2025-09-07,2,"₦5,600",1200,42,4,Card
1825,1,14,29,2025-10-18,1,"₦7,500",1000,20,3,Wallet
1827,118,3,23,2025-08-04,4,"₦19,800",1500,65,5,Bank Transfer
1829,7,2,30,2025-07-25,3,"₦10,800",1200,66,4,Card
1831,20,24,7,2025-10-01,3,"₦10,800",800,30,5,Cash
1834,150,5,8,2025-02-15,6,"₦4,500",1500,23,4,Card
1840,62,33,10,2025-03-29,4,"₦19,800",800,28,4,Bank Transfer
1843,1,29,1,2025-01-15,5,"₦9,100",1000,72,5,Bank Transfer
1844,79,4,17,2025-11-12,5,"₦5,200",1200,70,4,Card
1847,196,35,3,2025-03-30,3,"₦3,600",1000,50,5,Card
1850,120,7,17,2025-12-13,5,"₦11,700",1200,25,5,Wallet
1852,28,12,22,2025-02-14,1,"₦1,500",500,34,3,Cash
1853,155,5,4,2025-05-20,1,"₦4,000",700,15,4,Bank Transfer
1856,15,30,22,2025-05-06,6,"₦22,500",800,64,5,Card
1859,6,13,23,2025-09-23,1,"₦3,000",800,28,4,Cash
1860,4,5,1,2025-04-26,5,"₦10,400",800,21,5,Cash
1861,145,24,20,2025-08-13,2,"₦4,900",1200,21,5,Cash
1863,26,27,30,2025-09-03,2,"₦4,900",1000,44,5,Bank Transfer
1867,92,33,14,2025-05-26,1,"₦6,000",1000,36,5,Card
1869,52,32,19,2025-12-09,5,"₦13,000",800,40,5,Wallet
1872,46,10,19,2025-09-19,6,"₦7,500",600,26,4,Wallet
1874,118,19,16,2025-03-03,4,"₦6,600",800,21,5,Wallet
1877,106,18,28,2025-10-08,1,"₦12,000",700,29,5,Cash
1878,124,19,20,2025-07-25,1,"₦3,500",1500,22,5,Cash
1879,73,26,14,2025-08-18,4,"₦8,800",1000,33,3,Card
1880,197,23,15,2025-06-27,1,"₦2,500",1200,23,4,Card
1881,108,34,1,2025-02-04,2,"₦10,500",1500,59,4,Bank Transfer
1882,40,22,20,2025-03-15,5,"₦19,500",500,39,5,Card
1883,45,28,14,2025-06-16,4,"₦19,800",1200,35,5,Bank Transfer
1885,69,4,22,2025-04-14,1,"₦4,000",1500,32,5,Wallet
1886,47,17,17,2025-06-03,1,"₦2,000",700,62,4,Cash
1887,58,26,29,2025-02-23,4,"₦8,800",800,38,5,Wallet
1888,147,36,19,2025-05-16,1,"₦3,500",500,52,4,Card
1894,88,7,8,2025-07-30,3,"₦8,100",700,69,5,Bank Transfer
1899,24,15,1,2025-01-19,2,"₦8,400",700,19,5,Cash
1900,57,34,8,2025-09-09,6,"₦27,000",1500,28,5,Wallet
1903,39,6,18,2025-09-14,1,"₦1,500",700,59,1,Wallet
1905,83,31,8,2025-02-05,2,"₦10,500",600,27,4,Wallet
1906,147,25,4,2025-11-22,2,"₦3,500",1500,21,4,Card
1907,168,28,4,2025-08-02,6,"₦15,000",1000,21,3,Card
1908,115,34,22,2025-12-20,4,"₦7,700",700,22,4,Bank Transfer
1913,89,16,22,2025-09-09,1,"₦2,500",500,47,3,Wallet
1917,199,27,3,2025-12-03,2,"₦6,300",1200,37,5,Card
1920,97,10,8,2025-05-28,6,"₦6,000",1500,49,4,Bank Transfer
1921,17,8,6,2025-09-20,3,"₦9,000",600,27,5,Card
1922,67,31,11,2025-05-31,1,"₦4,500",1500,63,1,Cash
1923,129,5,10,2025-07-05,1,"₦3,000",800,51,2,Card
1925,73,31,21,2025-09-22,3,"₦13,500",800,63,4,Bank Transfer
1927,122,18,8,2025-04-03,5,"₦3,900",1000,55,4,Bank Transfer
1928,135,15,14,2025-09-15,4,"₦8,800",500,21,5,Wallet
1929,149,19,23,2025-01-23,3,"₦4,500",600,31,2,Bank Transfer
1934,85,38,2,2025-09-30,2,"₦8,400",700,42,5,Wallet
1941,124,20,29,2025-11-04,2,"₦8,400",1500,42,3,Bank Transfer
1943,121,36,2,2025-12-31,4,"₦13,200",700,27,2,Wallet
1953,190,2,15,2025-06-21,4,"₦8,800",1500,46,3,Card
1959,196,26,6,2025-08-27,5,"₦9,100",800,75,5,Cash
1960,174,21,18,2025-05-19,3,"₦8,100",1200,64,5,Cash
1961,9,14,9,2025-10-31,2,"₦4,200",1000,69,3,Bank Transfer
1966,47,28,24,2025-07-11,2,"₦4,200",1500,28,5,Bank Transfer
1967,66,10,4,2025-03-15,6,"₦18,000",700,21,3,Card
1970,74,22,13,2025-10-01,1,"₦7,500",600,72,4,Card
1971,87,30,28,2025-02-21,2,"₦8,400",500,74,4,Bank Transfer
1972,166,6,23,2025-10-15,1,"₦1,500",500,71,4,Card
1975,38,11,27,2025-07-24,4,"₦3,300",500,30,4,Cash
1976,78,37,4,2025-10-29,1,"₦4,000",500,24,5,Cash
1978,49,35,23,2025-12-12,5,"₦15,600",700,68,5,Cash
1981,68,17,7,2025-06-10,4,"₦16,500",600,65,4,Card
1983,115,37,2,2025-06-04,3,"₦2,700",700,30,5,Bank Transfer
1984,51,7,11,2025-09-12,5,"₦15,600",1000,58,5,Bank Transfer
1990,97,33,3,2025-03-11,3,"₦5,400",600,19,4,Cash
1994,119,4,27,2025-01-07,4,"₦8,800",1500,64,5,Wallet
1996,112,38,24,2025-09-04,1,"₦4,000",500,41,3,Card
1997,168,34,10,2025-04-20,3,"₦16,200",800,51,4,Card
2002,84,35,26,2025-02-14,1,"₦1,500",1000,50,3,Bank Transfer
2003,47,3,1,2025-01-02,3,"₦3,600",700,48,5,Cash
2004,11,19,22,2025-05-17,4,"₦16,500",1200,73,3,Card
2006,163,23,3,2025-08-23,2,"₦6,300",1500,72,4,Cash
2010,179,12,1,2025-04-11,2,"₦16,800",700,25,5,Card
2013,87,18,6,2025-10-25,1,"₦3,500",1500,59,5,Card
2017,30,34,6,2025-04-22,4,"₦5,500",800,39,5,Cash
2019,47,4,12,2025-11-22,2,"₦4,900",800,45,5,Bank Transfer
2022,115,1,1,2025-10-26,2,"₦2,800",500,60,5,Wallet
2026,80,20,5,2025-10-01,3,"₦3,600",1500,37,4,Cash
2027,92,8,25,2025-12-31,5,"₦11,700",800,54,2,Bank Transfer
2028,199,39,30,2025-04-09,2,"₦7,000",1500,29,5,Cash
2031,27,20,11,2025-10-06,4,"₦3,300",500,44,5,Cash
2034,49,3,19,2025-01-02,3,"₦3,600",500,47,3,Bank Transfer
2037,89,17,24,2025-03-01,5,"₦15,600",1200,52,3,Cash
2041,83,11,18,2025-03-03,3,"₦2,700",500,44,5,Bank Transfer
2042,171,26,7,2025-06-09,6,"₦22,500",600,71,5,Cash
2044,138,40,6,2025-07-15,3,"₦2,700",1000,45,5,Card
2050,22,12,14,2025-01-19,6,"₦13,500",500,25,4,Cash
2053,25,19,5,2025-01-11,4,"₦4,400",1200,58,4,Cash
2056,89,35,18,2025-07-07,5,"₦7,800",1500,50,5,Cash
2058,21,5,25,2025-03-18,4,"₦3,300",1200,47,5,Card
2060,33,15,9,2025-03-07,3,"₦21,600",600,38,4,Cash
2061,198,2,15,2025-09-05,3,"₦8,100",500,18,4,Card
2067,74,37,22,2025-05-26,6,"₦4,500",800,62,1,Bank Transfer
2068,79,26,27,2025-01-07,1,"₦1,500",500,63,4,Wallet
2069,48,28,9,2025-09-28,6,"₦12,000",600,63,2,Card
2070,102,31,18,2025-01-28,5,"₦9,100",700,37,4,Cash
2074,173,32,28,2025-04-25,5,"₦9,100",800,44,2,Card
2078,2,22,27,2025-02-16,4,"₦9,900",600,74,3,Wallet
2079,96,23,15,2025-02-05,3,"₦5,400",800,32,4,Wallet
2084,158,10,20,2025-05-05,5,"₦3,900",800,35,5,Cash
2086,149,30,13,2025-04-07,4,"₦26,400",500,58,3,Wallet
2087,122,22,1,2025-08-08,3,"₦7,200",600,53,5,Wallet
2097,12,14,19,2025-12-25,3,"₦16,200",1000,26,3,Card
2098,22,33,1,2025-02-28,1,"₦7,500",1500,19,5,Bank Transfer
2102,16,15,22,2025-11-19,3,"₦6,300",500,32,4,Cash
2103,166,20,6,2025-06-15,4,"₦19,800",1000,16,3,Cash
2105,122,7,18,2025-09-15,3,"₦13,500",700,49,5,Wallet
2107,68,26,28,2025-08-16,5,"₦15,600",1500,31,3,Cash
2114,80,23,24,2025-12-13,2,"₦8,400",1200,73,2,Cash
2115,46,31,29,2025-12-15,6,"₦4,500",600,70,4,Cash
2118,34,31,6,2025-10-08,3,"₦13,500",500,21,4,Card
2121,145,20,29,2025-12-10,5,"₦3,900",500,64,5,Card
2122,47,10,2,2025-04-23,1,"₦7,500",700,43,3,Card
2129,157,28,1,2025-06-20,2,"₦2,100",500,53,4,Wallet
2132,180,20,19,2025-02-09,6,"₦13,500",700,25,2,Card
2133,81,20,29,2025-04-15,1,"₦1,500",800,46,4,Cash
2136,157,24,13,2025-09-29,1,"₦4,000",1200,38,4,Cash
2137,129,6,19,2025-05-31,6,"₦15,000",700,59,4,Cash
2143,22,24,9,2025-07-29,5,"₦6,500",700,41,2,Card
2144,83,13,8,2025-09-25,5,"₦15,600",700,53,5,Card
2146,36,36,13,2025-03-04,3,"₦9,000",700,24,4,Bank Transfer
2147,183,12,4,2025-10-07,2,"₦3,500",1500,36,5,Bank Transfer
2149,168,19,23,2025-10-01,4,"₦9,900",700,46,5,Cash
2151,47,29,5,2025-02-04,4,"₦7,700",1000,31,2,Wallet
2152,113,37,8,2025-10-05,5,"₦13,000",1200,59,3,Wallet
2153,128,15,15,2025-11-17,1,"₦9,000",1000,15,5,Bank Transfer
2154,74,5,29,2025-09-29,1,"₦4,500",700,57,1,Wallet
2155,53,1,13,2025-09-22,1,"₦3,500",600,16,4,Wallet
2157,124,40,26,2025-04-26,3,"₦9,000",700,60,4,Card
2160,105,26,4,2025-08-29,6,"₦27,000",1200,58,4,Cash
2165,21,39,26,2025-07-14,2,"₦5,600",800,54,5,Cash
2166,41,14,17,2025-02-27,3,"₦10,800",700,35,5,Bank Transfer
2167,130,12,17,2025-02-28,5,"₦13,000",1200,54,5,Wallet
2169,1,11,2,2025-01-02,6,"₦10,500",700,46,4,Cash
2174,142,3,26,2025-11-14,4,"₦3,300",800,28,2,Bank Transfer
2176,131,31,30,2025-11-12,4,"₦11,000",500,63,4,Card
2177,95,32,18,2025-04-17,5,"₦19,500",800,36,4,Card
2184,110,30,10,2025-05-30,4,"₦7,700",800,46,3,Bank Transfer
2185,35,1,12,2025-08-19,4,"₦6,600",600,39,5,Card
2186,13,30,22,2025-05-11,1,"₦4,500",1200,70,5,Bank Transfer
2188,69,22,23,2025-01-12,5,"₦9,100",600,70,3,Bank Transfer
2189,59,26,20,2025-02-21,4,"₦4,400",700,17,4,Wallet
2190,83,18,1,2025-08-01,3,"₦16,200",500,61,4,Card
2193,109,4,17,2025-09-08,2,"₦2,100",1000,45,5,Card
2194,82,4,14,2025-12-24,2,"₦16,800",500,57,5,Cash
2196,66,7,1,2025-06-23,6,"₦13,500",700,36,4,Wallet
2197,82,33,11,2025-04-26,3,"₦10,800",800,36,2,Card
2199,185,22,20,2025-12-16,4,"₦5,500",1500,61,5,Cash
2200,118,28,30,2025-01-24,2,"₦4,900",600,44,5,Wallet
2201,115,31,14,2025-09-02,1,"₦3,000",1200,42,5,Bank Transfer
2208,110,40,7,2025-08-12,4,"₦6,600",600,40,4,Card
2209,11,31,3,2025-05-23,1,"₦6,000",700,25,4,Wallet
2214,33,38,5,2025-05-01,4,"₦9,900",1200,21,4,Bank Transfer
2218,89,23,5,2025-05-14,1,"₦9,000",1200,69,4,Cash
2219,48,3,23,2025-09-08,4,"₦3,300",700,37,5,Card
2221,178,3,10,2025-07-04,3,"₦16,200",500,25,5,Card
2222,59,12,3,2025-04-04,3,"₦10,800",500,31,2,Card
2223,193,32,29,2025-01-08,1,"₦2,000",500,33,4,Wallet
2224,8,31,26,2025-07-25,5,"₦6,500",1000,32,5,Cash
2225,141,8,6,2025-06-09,2,"₦6,300",1500,18,5,Bank Transfer
2226,98,5,28,2025-05-01,3,"₦13,500",1200,51,5,Cash
2227,183,26,26,2025-01-14,4,"₦11,000",800,52,5,Bank Transfer
2230,35,20,23,2025-11-20,1,"₦4,000",800,25,4,Card
2231,94,9,10,2025-05-26,3,"₦2,700",600,35,5,Bank Transfer
2234,158,1,18,2025-05-06,5,"₦5,200",1000,16,5,Bank Transfer
2238,113,34,1,2025-04-17,6,"₦9,000",600,44,4,Wallet
2239,107,8,11,2025-02-25,5,"₦5,200",1500,34,3,Card
2241,96,24,24,2025-03-11,6,"₦15,000",500,31,5,Bank Transfer
2244,12,32,11,2025-04-16,3,"₦16,200",1500,74,5,Card
2246,186,31,5,2025-04-07,1,"₦2,500",1500,16,3,Card
2247,156,32,17,2025-01-26,1,"₦7,500",500,63,2,Card
2251,7,37,30,2025-06-08,5,"₦5,200",800,51,5,Bank Transfer
2252,49,21,1,2025-06-08,1,"₦9,000",1200,47,4,Wallet
2253,146,33,17,2025-11-04,4,"₦19,800",1000,54,3,Cash
2258,193,15,11,2025-12-06,2,"₦16,800",500,75,5,Card
2259,134,11,10,2025-11-11,2,"₦5,600",500,69,4,Cash
2262,17,5,30,2025-08-28,1,"₦2,500",700,22,5,Wallet
2263,153,1,4,2025-03-09,5,"₦11,700",700,46,4,Cash
2264,82,4,26,2025-06-28,1,"₦3,500",1500,19,5,Cash
2267,169,37,3,2025-06-02,6,"₦18,000",800,35,4,Cash
2269,116,30,30,2025-09-21,5,"₦5,200",600,68,3,Bank Transfer
2271,20,37,7,2025-09-25,6,"₦12,000",1000,15,4,Bank Transfer
2273,158,20,22,2025-03-20,3,"₦16,200",1000,24,5,Bank Transfer
2276,186,15,6,2025-01-07,4,"₦5,500",800,53,3,Bank Transfer
2278,85,4,14,2025-11-12,2,"₦16,800",600,32,3,Card
2282,20,31,20,2025-03-25,1,"₦2,000",600,62,3,Bank Transfer
2284,113,8,27,2025-10-22,3,"₦2,700",500,52,5,Bank Transfer
2285,29,21,21,2025-03-07,1,"₦4,000",1000,24,5,Wallet
2286,19,34,4,2025-09-17,6,"₦22,500",500,56,3,Card
2289,188,7,13,2025-04-14,3,"₦7,200",500,67,5,Card
2292,32,29,11,2025-04-29,2,"₦8,400",1500,70,4,Bank Transfer
2293,95,12,19,2025-04-01,4,"₦5,500",700,50,5,Card
2294,4,26,4,2025-05-08,6,"₦36,000",600,29,5,Cash
2297,104,33,6,2025-08-29,4,"₦3,300",1200,51,4,Wallet
2299,112,5,17,2025-07-01,5,"₦13,000",1200,48,5,Cash
2307,121,23,22,2025-11-13,4,"₦19,800",600,48,5,Wallet
2313,54,31,2,2025-08-03,5,"₦19,500",1000,40,5,Card
2316,135,12,13,2025-07-25,1,"₦6,000",700,72,5,Card
2317,21,17,17,2025-01-27,1,"₦7,500",700,73,5,Cash
2318,38,25,14,2025-06-22,5,"₦10,400",600,35,3,Cash
2321,130,22,14,2025-05-02,5,"₦11,700",500,28,3,Wallet
2322,129,12,12,2025-12-13,4,"₦26,400",1500,18,4,Bank Transfer
2323,110,36,10,2025-07-03,2,"₦2,800",1500,23,4,Bank Transfer
2327,171,28,24,2025-02-28,1,"₦3,500",1200,73,5,Wallet
2328,143,15,5,2025-01-13,5,"₦6,500",500,65,4,Card
2329,7,29,3,2025-06-14,4,"₦16,500",800,44,3,Bank Transfer
2340,28,37,17,2025-05-30,2,"₦6,300",500,21,3,Bank Transfer
2341,79,30,13,2025-03-26,5,"₦3,900",800,36,2,Cash
2343,173,11,28,2025-10-28,3,"₦2,700",1000,20,5,Bank Transfer
2346,74,35,2,2025-01-30,3,"₦6,300",600,60,5,Cash
2349,174,18,10,2025-11-26,1,"₦2,000",800,69,4,Wallet
2351,170,33,3,2025-02-04,6,"₦18,000",500,25,5,Wallet
2352,128,19,6,2025-08-21,5,"₦13,000",1200,57,3,Card
2357,95,37,18,2025-10-24,4,"₦5,500",1000,31,2,Wallet
2359,162,23,20,2025-12-06,3,"₦21,600",1500,62,5,Wallet
2362,174,34,20,2025-01-12,6,"₦6,000",800,49,3,Cash
2363,148,6,20,2025-02-22,2,"₦2,100",1500,73,4,Card
2373,83,10,12,2025-09-12,6,"₦9,000",1500,21,5,Cash
2376,181,23,20,2025-01-17,4,"₦9,900",600,62,3,Bank Transfer
2378,69,26,18,2025-09-21,4,"₦16,500",800,39,4,Cash
2382,199,11,3,2025-12-05,5,"₦15,600",1000,30,5,Bank Transfer
2384,91,34,3,2025-03-01,6,"₦15,000",1200,26,4,Cash
2387,118,19,26,2025-09-02,6,"₦27,000",800,26,5,Bank Transfer
2388,94,23,24,2025-11-02,2,"₦8,400",1200,37,5,Bank Transfer
2390,97,33,8,2025-11-03,5,"₦9,100",1200,48,5,Card
2391,113,29,4,2025-02-07,3,"₦3,600",1200,49,4,Cash
2395,30,28,28,2025-11-10,5,"₦31,200",800,47,5,Cash
2398,28,11,6,2025-02-17,2,"₦4,200",700,55,4,Bank Transfer
2399,200,36,11,2025-06-18,5,"₦15,600",700,15,5,Bank Transfer
2403,29,22,24,2025-07-26,2,"₦8,400",1500,40,3,Wallet
2406,46,19,2,2025-09-30,3,"₦13,500",500,56,4,Card
2407,70,1,18,2025-06-24,2,"₦4,200",800,32,5,Cash
2409,174,14,26,2025-07-26,3,"₦13,500",1500,47,4,Card
2410,199,40,1,2025-08-16,3,"₦16,200",1200,46,2,Cash
2412,12,5,24,2025-08-20,6,"₦10,500",1200,34,4,Cash
2414,145,40,22,2025-07-04,5,"₦9,100",600,58,5,Card
2416,2,15,4,2025-09-18,5,"₦15,600",500,49,5,Card
2417,140,40,2,2025-01-09,6,"₦22,500",1000,24,4,Card
2425,10,32,6,2025-08-19,3,"₦5,400",600,33,4,Wallet
2430,100,40,1,2025-12-14,5,"₦31,200",800,25,2,Bank Transfer
2432,61,15,10,2025-02-01,6,"₦9,000",600,68,5,Cash
2435,37,24,12,2025-03-08,6,"₦18,000",1000,38,4,Cash
2436,157,26,22,2025-10-17,4,"₦3,300",1200,49,5,Card
2438,182,3,10,2025-08-11,2,"₦10,500",800,65,5,Wallet
2445,133,11,20,2025-05-17,3,"₦6,300",1200,75,1,Wallet
2449,199,9,14,2025-08-24,2,"₦12,600",1500,75,2,Wallet
2450,44,13,27,2025-07-27,2,"₦5,600",600,56,5,Bank Transfer
2452,9,29,24,2025-12-15,3,"₦3,600",1000,33,5,Bank Transfer
2454,15,12,29,2025-03-08,3,"₦13,500",1500,27,4,Cash
2456,46,25,17,2025-06-21,6,"₦4,500",1500,49,3,Bank Transfer
2458,11,22,15,2025-09-10,1,"₦3,000",1000,31,1,Wallet
2459,7,26,10,2025-12-25,6,"₦13,500",600,69,5,Wallet
2468,98,8,4,2025-04-26,3,"₦6,300",1000,42,5,Bank Transfer
2469,7,13,24,2025-10-18,3,"₦21,600",700,68,2,Wallet
2470,127,20,18,2025-10-14,2,"₦12,600",500,73,5,Card
2471,138,11,3,2025-03-12,3,"₦4,500",500,21,4,Card
2473,168,3,7,2025-08-11,2,"₦3,500",1000,63,4,Bank Transfer
2475,83,15,26,2025-02-05,1,"₦2,000",700,61,5,Wallet
2480,164,15,28,2025-01-06,6,"₦13,500",700,72,2,Wallet
2481,62,37,24,2025-05-03,1,"₦6,000",1000,69,4,Card
2483,90,12,7,2025-04-25,5,"₦31,200",500,39,3,Card
2485,146,35,7,2025-09-09,1,"₦3,500",1200,67,5,Cash
2492,78,25,4,2025-02-01,2,"₦5,600",800,61,5,Card
2495,162,27,16,2025-01-30,3,"₦3,600",1000,43,5,Cash
2501,75,18,22,2025-02-15,4,"₦3,300",500,73,5,Bank Transfer
2503,170,15,2,2025-11-19,4,"₦9,900",1500,21,5,Cash
2508,18,23,17,2025-10-05,5,"₦19,500",1200,56,5,Bank Transfer
2511,61,23,22,2025-09-12,1,"₦4,000",800,21,5,Card
2513,101,19,11,2025-04-21,2,"₦10,500",700,18,5,Bank Transfer
2516,36,4,3,2025-05-24,2,"₦2,100",600,29,5,Wallet
2520,169,1,28,2025-01-25,4,"₦11,000",500,29,4,Card
2521,182,6,29,2025-08-02,4,"₦16,500",500,31,4,Cash
2522,47,26,1,2025-08-10,2,"₦16,800",1500,21,1,Bank Transfer
2524,164,32,22,2025-10-27,2,"₦2,800",1000,72,5,Wallet
2529,104,4,19,2025-12-24,6,"₦9,000",1000,26,3,Bank Transfer
2530,169,34,12,2025-11-11,6,"₦13,500",500,16,3,Bank Transfer
2531,79,31,29,2025-07-02,1,"₦4,000",600,46,5,Bank Transfer
2532,123,21,3,2025-11-26,2,"₦16,800",800,28,5,Cash
2535,195,14,16,2025-07-02,5,"₦5,200",1200,68,2,Cash
2543,134,6,21,2025-01-20,6,"₦36,000",1500,50,4,Wallet
2545,185,33,7,2025-05-15,1,"₦1,500",500,15,4,Card
2546,24,15,7,2025-12-20,1,"₦7,500",1200,41,5,Wallet
2548,198,10,2,2025-02-15,4,"₦5,500",600,75,5,Cash
2550,57,29,29,2025-06-17,2,"₦3,500",1500,22,5,Bank Transfer
2552,81,20,19,2025-11-21,4,"₦5,500",1500,52,4,Card
2553,40,19,17,2025-01-05,4,"₦4,400",1000,50,3,Card
2554,12,25,3,2025-11-19,4,"₦9,900",700,57,4,Card
2557,23,16,1,2025-06-06,1,"₦6,000",1000,25,5,Bank Transfer
2561,39,18,9,2025-05-14,6,"₦18,000",1000,72,5,Cash
2564,107,7,17,2025-04-27,6,"₦6,000",1500,38,4,Card
2565,163,40,10,2025-11-09,4,"₦26,400",1200,15,1,Wallet
2568,69,33,6,2025-08-30,2,"₦4,200",1200,34,5,Bank Transfer
2569,4,6,27,2025-01-21,1,"₦6,000",1200,42,4,Cash
2570,127,37,1,2025-04-06,6,"₦10,500",600,49,5,Card
2572,37,31,22,2025-06-21,2,"₦2,100",500,24,5,Wallet
2573,138,23,17,2025-03-30,5,"₦9,100",1500,17,4,Bank Transfer
2574,96,29,3,2025-04-13,2,"₦5,600",800,67,4,Cash
2577,122,15,24,2025-05-27,6,"₦4,500",1200,65,5,Bank Transfer
2580,164,1,5,2025-02-10,6,"₦4,500",1500,54,5,Bank Transfer
2581,117,8,27,2025-06-30,2,"₦5,600",800,74,5,Bank Transfer
2582,90,28,18,2025-05-17,5,"₦7,800",1500,54,3,Wallet
2587,25,17,12,2025-11-21,1,"₦1,500",800,50,5,Card
2588,162,37,16,2025-03-11,3,"₦10,800",1200,40,1,Bank Transfer
2591,185,19,16,2025-05-05,2,"₦2,800",600,49,5,Wallet
2592,159,15,13,2025-05-31,5,"₦10,400",700,60,5,Cash
2593,198,2,12,2025-05-09,2,"₦6,300",800,23,2,Cash
2594,75,23,22,2025-02-23,3,"₦4,500",1000,68,2,Bank Transfer
2595,121,2,5,2025-10-09,3,"₦2,700",1200,54,4,Bank Transfer
2596,195,17,10,2025-12-27,5,"₦19,500",1000,71,2,Wallet
2597,111,8,10,2025-08-02,1,"₦5,000",1200,37,4,Card
